RoleInOrganization,OrganizationSize,IndustrySector,PrimaryMarketArea,EconomicDriversInfluenceOnLitigation,LegalDriversImpactOnStandards,CommercialDriversImpactOnFairness,UncertaintyDueToCrossBorderDifferences,StateOfIntlEnforcementPolicyHarmonization,IntlPoliciesEffectOnGlobalLitigation,BalanceBetweenProprietaryAndOpenStandards,AdvancementNeededInSEPAssessment,InfluenceOfSEPPatentsOnStandards,PreparednessForGlobalSEPRegulations,ConsistencyOfSEPEssentialityAssessment,MostEffectiveStrategyForIPTechDiffusion,AffordabilityForSMEIntegration,EffectivenessOfPoliciesForTechDiffusion,IPProtectionsHindranceToTechAccessibility,LevelOfCompetitionDueToSEPs,EffectivenessOfSEPFrameworks,StrategiesEffectivenessAgainstSEPBarriers,ImpactOfGeopoliticalTensions,TechnologyImpactOnSEPStrategies,AnticipatedChangeInLitigationFrequency,PotentialOfADRInConflicts,GovernmentRoleInSEPDisputes,RandDBudgetAllocationForSEP,EngagementInStandardSetting,PreparednessForTechEvolutionInSEPStrategy
R&D,<50,Education,National,4,4,3,4,5,5,1,2,3,4,2,5,2,2,2,4,1,3,4,Blockchain,No,1,2,93,Rarely,1
Other,<50,Other,Regional,4,1,1,5,4,5,2,3,3,5,3,4,3,5,5,4,3,2,5,IoT,No,3,2,45,Often,5
Other,501-1000,Education,Regional,5,2,3,2,5,2,3,3,5,4,3,5,5,4,3,5,3,4,2,Other,Yes,1,5,51,Always,5
Technical,501-1000,Healthcare,Local,1,5,2,1,3,4,3,3,4,4,5,3,2,1,5,3,1,4,1,5G,Yes,4,2,15,Sometimes,1
Executive,201-500,Other,National,1,4,4,4,4,1,4,3,4,2,2,1,3,4,5,5,2,5,3,5G,No,2,5,17,Never,3
R&D,<50,Technology,National,5,5,4,5,4,1,4,5,2,4,1,4,2,1,4,5,3,2,2,Blockchain,No,3,1,4,Often,5
Legal,51-200,Healthcare,Local,5,3,2,3,3,2,3,1,5,2,4,4,5,3,4,5,3,5,2,Blockchain,Yes,5,3,94,Sometimes,4
Technical,201-500,Other,Regional,3,1,3,1,1,3,2,2,2,2,5,2,4,2,2,2,4,1,1,IoT,No,1,2,85,Never,5
R&D,501-1000,Healthcare,Global,5,2,1,3,5,4,4,2,1,5,4,1,2,4,1,1,5,1,2,Other,No,5,1,87,Sometimes,3
Other,201-500,Technology,National,2,2,1,3,1,3,4,2,4,5,1,3,1,2,3,5,3,2,2,Blockchain,Yes,2,3,60,Often,5
R&D,<50,Technology,Local,3,4,1,5,2,1,5,1,3,2,5,4,5,1,3,1,1,2,1,Blockchain,Yes,3,3,89,Often,5
Legal,<50,Other,Global,4,2,2,4,2,3,4,1,2,1,2,3,3,1,3,4,3,5,3,AI,Yes,2,5,87,Rarely,4
Technical,<50,Healthcare,Local,2,2,2,5,1,1,1,3,5,2,2,1,3,5,3,2,3,5,3,Blockchain,No,1,5,88,Sometimes,1
Technical,51-200,Technology,National,3,1,4,1,3,4,1,5,3,5,3,2,2,5,3,1,3,5,4,Blockchain,Yes,2,5,31,Sometimes,1
Legal,501-1000,Manufacturing,Local,3,2,5,3,4,1,4,5,4,2,4,3,2,1,3,4,3,1,2,5G,Yes,3,2,57,Often,4
Technical,<50,Other,National,2,1,3,2,4,4,4,2,4,4,5,3,5,2,1,1,4,4,2,Blockchain,No,4,3,87,Always,4
Legal,51-200,Manufacturing,Global,1,4,1,1,1,4,4,2,4,4,3,2,2,3,1,2,2,1,1,Other,No,2,5,17,Sometimes,1
Other,501-1000,Healthcare,Regional,5,4,2,3,5,3,2,5,3,3,1,1,5,1,5,3,2,3,1,IoT,No,1,4,69,Rarely,4
Executive,<50,Education,National,3,2,2,2,3,2,4,5,4,1,5,3,3,2,2,4,4,1,3,Other,Yes,4,5,48,Rarely,5
Technical,501-1000,Manufacturing,National,3,2,4,5,5,3,1,4,5,1,5,3,2,1,1,4,5,2,3,IoT,Yes,3,2,61,Rarely,3
Legal,>1000,Technology,Local,5,5,1,2,2,2,2,3,5,4,4,1,5,5,5,3,4,4,4,AI,No,1,1,28,Sometimes,4
Other,>1000,Manufacturing,Regional,2,2,2,2,3,5,2,4,4,4,3,4,2,5,5,2,4,2,4,IoT,No,5,2,79,Never,4
Other,<50,Education,Local,4,5,4,3,4,3,3,5,2,1,4,5,4,4,1,2,3,5,4,Other,Yes,2,1,22,Sometimes,3
Legal,501-1000,Technology,Regional,1,5,1,2,4,2,1,2,4,3,4,1,3,4,5,3,2,3,5,5G,No,5,3,68,Rarely,1
Other,51-200,Healthcare,Regional,5,4,3,4,5,2,4,2,3,2,2,2,3,1,4,1,1,1,2,Blockchain,Yes,5,1,66,Rarely,1
Executive,>1000,Other,Regional,5,3,3,5,2,5,5,5,5,2,5,4,5,2,1,4,4,5,3,IoT,No,4,5,34,Rarely,1
Technical,51-200,Other,National,1,5,3,5,2,5,5,5,2,5,1,4,5,4,5,1,1,2,5,Blockchain,Yes,2,2,100,Never,2
R&D,>1000,Other,National,2,2,4,1,2,1,1,2,5,2,4,3,2,3,2,3,1,2,5,IoT,Yes,4,5,67,Never,2
Technical,201-500,Education,Local,2,2,4,5,3,5,3,4,3,5,2,5,2,5,3,4,5,1,4,IoT,Yes,4,2,83,Never,1
Technical,>1000,Technology,Regional,4,3,5,1,1,5,4,3,3,5,2,2,4,5,1,5,4,3,5,IoT,No,4,5,9,Never,2
Technical,<50,Technology,National,5,1,1,2,5,5,4,5,1,5,3,1,4,1,4,5,5,4,1,Blockchain,No,5,5,59,Often,5
Other,201-500,Manufacturing,Global,3,5,3,1,1,5,2,2,4,5,5,4,3,2,3,4,3,3,1,IoT,No,2,1,94,Sometimes,3
Other,501-1000,Education,Global,4,5,3,1,3,3,3,2,3,3,2,1,4,1,2,3,2,5,1,Other,No,4,2,72,Always,1
Legal,<50,Healthcare,National,4,3,3,3,4,2,3,3,4,3,2,3,4,3,3,2,2,2,2,5G,Yes,4,5,13,Never,3
Technical,<50,Other,Local,2,4,2,4,2,2,1,2,1,4,3,1,3,2,2,1,1,3,2,Other,Yes,2,3,37,Often,4
Other,<50,Healthcare,Global,1,5,1,3,5,4,3,4,5,5,1,4,1,5,4,3,1,5,4,Other,Yes,1,4,82,Rarely,1
Other,201-500,Technology,Local,2,3,1,3,4,2,4,5,3,5,4,5,4,5,3,1,4,5,1,IoT,Yes,4,5,17,Sometimes,5
Other,51-200,Education,Global,4,1,5,5,1,1,3,5,4,3,5,1,5,5,2,5,1,1,1,5G,Yes,2,1,23,Often,3
Legal,201-500,Other,Regional,4,4,5,3,2,4,3,5,1,2,3,5,3,3,1,3,1,5,2,IoT,Yes,2,5,20,Rarely,4
Technical,<50,Education,Global,2,4,4,1,1,1,3,3,5,1,4,3,5,4,5,2,3,1,5,5G,Yes,2,4,45,Often,5
Technical,501-1000,Education,National,5,2,1,3,4,5,4,3,4,1,5,4,3,5,5,1,1,2,1,Blockchain,Yes,3,3,10,Always,3
Other,>1000,Healthcare,Global,4,3,1,2,4,5,3,3,5,2,2,3,5,5,1,2,4,3,5,AI,Yes,1,3,73,Rarely,5
R&D,501-1000,Healthcare,Local,1,1,2,3,1,2,5,2,1,3,4,4,1,3,4,5,3,1,1,Blockchain,Yes,5,5,76,Sometimes,5
R&D,501-1000,Other,National,1,2,4,4,3,3,4,4,3,2,1,5,2,1,4,4,1,4,5,AI,No,2,5,25,Rarely,3
Other,<50,Education,National,1,3,2,5,5,5,4,5,4,1,1,4,4,3,1,1,3,5,4,IoT,Yes,3,3,31,Never,4
Technical,<50,Manufacturing,Local,2,5,1,2,3,1,1,1,5,3,3,1,4,1,4,1,5,2,4,AI,No,4,2,66,Often,5
Legal,<50,Technology,Local,2,2,4,5,2,3,1,2,2,1,2,2,1,4,3,1,2,2,1,AI,Yes,4,4,11,Rarely,1
R&D,<50,Healthcare,Regional,3,3,3,3,4,2,1,2,3,4,1,3,5,5,2,2,2,3,2,IoT,No,3,1,66,Rarely,4
Other,201-500,Other,Local,2,4,4,4,2,3,5,3,2,5,2,2,2,2,4,3,2,1,1,IoT,Yes,1,2,34,Sometimes,5
Legal,51-200,Technology,Local,3,2,3,4,1,1,4,5,4,5,2,4,2,3,4,4,4,1,3,IoT,Yes,5,3,2,Never,1
Other,501-1000,Other,Global,1,4,3,3,3,2,5,5,1,2,1,5,3,1,2,4,3,3,5,IoT,Yes,5,5,54,Sometimes,3
Other,<50,Technology,Global,5,2,3,2,1,4,5,2,2,1,2,5,3,5,3,4,1,4,1,IoT,No,3,1,10,Never,2
Legal,51-200,Healthcare,National,5,4,3,2,4,5,3,2,2,4,5,4,4,4,5,5,1,1,5,Blockchain,Yes,4,2,10,Often,5
Executive,>1000,Technology,Regional,2,1,5,3,3,4,2,2,2,1,3,4,2,1,4,4,1,5,2,Blockchain,Yes,1,3,94,Always,5
Executive,501-1000,Healthcare,Regional,2,3,1,1,4,1,1,2,5,3,4,2,3,2,1,1,1,2,3,Blockchain,Yes,4,5,32,Rarely,4
Legal,<50,Manufacturing,Regional,3,1,5,5,1,5,3,1,1,5,2,1,5,2,3,3,2,2,4,Other,Yes,2,4,25,Often,5
Technical,501-1000,Education,National,5,5,3,1,5,3,1,2,2,3,5,5,1,3,1,2,2,1,3,Other,No,3,3,68,Sometimes,5
Technical,51-200,Other,Local,4,2,4,3,1,2,1,3,3,4,3,2,5,1,3,4,5,1,5,Blockchain,Yes,4,5,38,Often,2
Other,501-1000,Healthcare,Regional,4,2,4,5,5,5,4,2,1,1,2,4,4,3,3,1,3,3,1,Blockchain,Yes,2,2,42,Sometimes,3
Executive,51-200,Technology,Regional,2,2,1,2,3,1,1,2,1,3,5,1,5,2,5,2,1,5,5,5G,No,4,2,84,Rarely,2
Other,201-500,Healthcare,Regional,1,5,3,1,3,1,3,2,2,3,3,1,3,2,4,3,1,4,4,5G,No,4,2,38,Often,4
Legal,<50,Other,Regional,3,3,5,1,2,2,4,1,1,5,2,3,2,2,3,5,1,3,5,Other,Yes,4,5,50,Rarely,2
Technical,<50,Technology,Regional,5,4,5,3,3,1,4,2,2,1,1,4,3,4,1,5,2,3,3,Blockchain,Yes,5,5,38,Rarely,1
Technical,501-1000,Other,Global,2,3,2,5,5,5,4,2,3,3,3,4,2,3,3,4,5,2,5,Other,No,4,3,95,Sometimes,2
Legal,201-500,Technology,Local,1,1,5,5,2,5,4,4,3,1,5,1,3,3,2,5,2,1,4,Other,Yes,2,3,4,Sometimes,4
Other,51-200,Healthcare,National,3,3,3,3,3,2,4,4,1,3,1,2,4,4,5,5,5,4,5,IoT,No,2,3,3,Often,5
Other,<50,Education,Regional,2,1,1,4,1,2,4,2,2,1,3,3,3,5,4,2,2,1,4,IoT,Yes,2,3,89,Always,5
Technical,<50,Education,National,2,4,3,5,3,1,2,2,3,5,1,2,2,4,4,1,3,2,2,IoT,No,5,1,45,Often,4
Other,501-1000,Technology,Regional,5,4,1,2,5,2,3,2,1,1,3,2,2,3,4,1,3,2,4,AI,Yes,4,1,3,Sometimes,5
R&D,201-500,Manufacturing,National,4,3,2,4,5,3,3,1,5,2,3,4,4,2,1,3,5,5,1,5G,Yes,5,1,83,Rarely,1
Executive,51-200,Manufacturing,Regional,5,1,2,3,3,4,4,5,5,2,2,4,5,1,3,5,1,3,2,AI,No,4,5,28,Sometimes,2
Legal,>1000,Technology,Global,2,3,1,3,3,4,4,5,1,5,1,4,4,5,4,4,3,1,4,Other,No,4,1,66,Never,4
Legal,201-500,Technology,Regional,5,5,1,1,5,3,4,2,5,1,1,4,3,3,5,2,3,5,4,Other,No,4,4,42,Often,4
Other,501-1000,Manufacturing,National,1,4,4,1,3,5,5,4,4,3,3,5,1,4,2,3,3,3,4,5G,No,5,2,47,Often,5
Technical,>1000,Education,National,1,5,2,2,5,1,2,3,2,1,4,4,3,1,4,3,5,4,1,Other,Yes,2,3,43,Often,3
R&D,201-500,Other,Local,5,4,5,5,1,4,3,2,5,1,5,3,1,5,1,2,4,1,2,IoT,No,2,4,95,Always,3
Technical,>1000,Technology,National,4,1,5,1,5,1,2,1,3,2,1,2,1,3,5,4,5,5,1,IoT,No,3,2,8,Rarely,3
Other,<50,Manufacturing,Local,5,5,5,3,4,2,2,4,3,3,2,5,3,4,4,5,2,1,4,Blockchain,No,2,4,92,Sometimes,3
Other,>1000,Other,Global,5,4,1,4,4,2,5,5,2,4,1,4,1,2,2,2,2,4,2,Other,No,5,2,50,Sometimes,2
Executive,51-200,Education,National,3,5,1,3,5,4,5,5,5,3,4,5,1,4,5,1,1,4,3,AI,Yes,3,3,0,Often,4
Technical,51-200,Manufacturing,National,5,1,4,3,4,3,3,2,5,5,4,1,1,5,4,4,3,1,3,5G,Yes,3,5,73,Often,1
Other,<50,Other,Regional,2,2,5,2,3,1,1,2,2,2,3,2,3,4,5,3,1,3,2,AI,No,3,3,65,Often,3
Technical,501-1000,Technology,National,4,3,4,3,3,5,5,2,2,5,1,1,5,4,2,1,3,4,3,IoT,No,2,3,95,Always,1
R&D,>1000,Technology,Local,1,3,1,4,2,1,2,1,2,2,4,5,3,2,3,5,2,1,4,Blockchain,Yes,1,2,92,Sometimes,1
Other,201-500,Technology,Global,3,5,4,4,3,4,1,2,1,1,3,4,2,1,1,3,5,2,4,Other,Yes,5,1,27,Often,4
Technical,>1000,Other,Regional,2,1,2,5,3,5,3,3,2,2,5,2,5,4,5,2,5,3,3,IoT,Yes,2,4,3,Often,1
Technical,51-200,Healthcare,Regional,2,4,3,1,4,1,5,5,1,2,4,3,1,3,2,5,2,3,3,5G,No,2,5,8,Sometimes,3
Legal,501-1000,Technology,Regional,3,5,4,5,2,4,3,2,5,3,3,1,5,5,5,4,1,5,1,5G,No,5,1,76,Always,4
Technical,<50,Education,Global,3,5,1,3,4,4,2,3,5,2,4,1,2,3,2,3,4,1,5,Blockchain,No,4,2,12,Always,3
R&D,>1000,Education,Local,3,5,5,4,1,4,5,4,2,2,4,4,1,3,2,5,3,2,5,IoT,Yes,3,1,7,Always,4
Legal,501-1000,Education,National,5,3,3,4,3,2,2,5,5,3,3,2,3,3,5,2,5,4,2,AI,No,4,1,52,Often,2
Other,<50,Healthcare,Regional,4,5,3,4,3,5,1,1,4,3,1,2,5,4,2,2,1,2,3,Blockchain,Yes,3,1,46,Sometimes,3
Technical,501-1000,Other,Global,3,5,4,2,2,5,4,5,2,1,4,4,5,2,3,2,5,5,5,AI,Yes,2,1,48,Always,2
Other,201-500,Manufacturing,Local,1,3,3,3,5,2,5,3,1,3,1,1,5,5,3,3,5,5,3,IoT,Yes,2,4,48,Sometimes,5
Legal,501-1000,Technology,Local,4,1,5,3,1,4,2,3,1,5,1,1,5,5,3,5,2,3,5,AI,No,3,1,14,Always,2
Legal,<50,Healthcare,Global,4,5,5,4,3,4,3,5,2,2,3,3,4,5,3,4,4,2,4,IoT,Yes,5,4,7,Always,2
R&D,>1000,Education,Regional,2,3,5,1,1,1,2,1,2,5,4,4,3,3,3,1,3,2,4,5G,No,1,2,37,Rarely,2
Executive,<50,Manufacturing,Regional,4,5,1,4,2,4,2,5,1,4,5,3,2,2,2,4,5,4,1,Blockchain,No,4,1,62,Sometimes,2
R&D,201-500,Manufacturing,Global,3,1,1,4,5,5,5,2,3,2,3,5,5,4,1,5,4,4,5,AI,Yes,3,1,8,Often,4
Other,<50,Manufacturing,National,2,2,5,2,5,1,1,3,3,3,5,2,4,4,3,1,4,3,4,Blockchain,Yes,3,2,100,Always,2
